{"cameraMode":{"drawMode":0,"name":"Shaded","section":"Shading Mode"},"sceneLighting":true,"audioPlay":false,"sceneViewState":{"m_AlwaysRefresh":false,"showFog":true,"showSkybox":true,"showFlares":true,"showImageEffects":true,"showParticleSystems":true,"showVisualEffectGraphs":true,"m_FxEnabled":false},"in2DMode":false,"pivot":{"x":0.23021841049194337,"y":3.3381290435791017,"z":0.19313812255859376},"rotation":{"x":-0.4222896099090576,"y":0.04347354918718338,"z":-0.02029373310506344,"w":-0.9052088856697083},"size":18.566730499267579,"orthographic":false}