{"cameraMode":{"drawMode":0,"name":"Shaded","section":"Shading Mode"},"sceneLighting":true,"audioPlay":false,"sceneViewState":{"m_AlwaysRefresh":false,"showFog":true,"showSkybox":true,"showFlares":true,"showImageEffects":true,"showParticleSystems":true,"showVisualEffectGraphs":true,"m_FxEnabled":false},"in2DMode":false,"pivot":{"x":16.779338836669923,"y":5.868800640106201,"z":-0.3681682348251343},"rotation":{"x":0.014987991191446782,"y":-0.7003505825996399,"z":0.014707250520586968,"w":0.7135140895843506},"size":12.286243438720704,"orthographic":false}